﻿{
	"events":
	[
		{
			"name": "Science (Two Hearts)",
			"location": "ScienceHouse",
			"eventId":"6"
		},
		{
			"name": "Samples (Four Hearts)",
			"location": "Hospital",
			"eventId":"7"
		},
		{
			"name": "Stars (Six Hearts)",
			"location": "Mountain",
			"eventId":"8"
		},
		{
			"name": "Science Project (Eight Hearts)",
			"location": "ScienceHouse",
			"eventId":"9"
		},
		{
			"name": "Mr. Robot (Ten Hearts)",
			"location": "ScienceHouse",
			"eventId":"10"
		},
		{
			"name": "Wish Upon a Star (Fourteen Hearts)",
			"location": "Mountain",
			"eventId":"5183338"
		},
	]
}