{
	"events":
	[
		{
			"name": "1/5 Heart - The Pink Haired Girl",
			"location": "BlueMoonVineyard",
			"eventId":"8185290"
		},
		{
			"name": "2 Heart - Scarlet",
			"location": "BlueMoonVineyard",
			"eventId":"8185291"
		},
		{
			"name": "4 Heart - The Doctor Appointment",
			"location": "Town",
			"eventId":"8185292"
		},
		{
			"name": "6 Heart - Sophia's Parents Part 1",
			"location": "Town",
			"eventId":"8185293"
		},
		{
			"name": "6 Heart - Sophia's Parents Part 2",
			"location": "SophiaHouse",
			"eventId":"8185294"
		},
		{
			"name": "7 Heart part 1",
			"location": "SophiaHouse",
			"eventId":"8185297"
		},		
		{
			"name": "7 Heart part 2",
			"location": "SophiaHouse",
			"eventId":"8185298"
		},
		{
			"name": "8 Heart - Living Life",
			"location": "Town",
			"eventId":"8185295"
		},
		{
			"name": "10 Heart - The Prairie Queen",
			"location": "SophiaHouse",
			"eventId":"8185296"
		},
	]
}