{
	"events":
	[
		{
			"name": "2 Heart Event - 'Other Friends",
			"location": "forestwest",
			"eventId":"7776002"
		},
		{
			"name": "4 Heart Event - 'Play With Me'",
			"location": "forestwest",
			"eventId":"7776003"
		},
		{
			"name": "6 Heart Event Part 1 - 'The New Home'",
			"location": "farm",
			"eventId":"7776004"
		},
		{
			"name": "6 Heart Event Part 2 - 'The New Home'",
			"location": "AuroraVineyard",
			"eventId":"7776005"
		},
		{
			"name": "8 Heart Event Part 1 - 'Mother Starfruit Tree'",
			"location": "ForestWest",
			"eventId":"7776006"
		},
		{
			"name": "8 Heart Event Part 2 - 'Mother Starfruit Tree'",
			"location": "AuroraVineyard",
			"eventId":"7776007"
		},
	]
}