{
  "Name": "Instant Growth Powder",
  "Description": "Sprinkle it on something that can grow.",
  "Category": "Crafting",
  "Edibility": -300,
  "Price": 500,
  "IsColored": false,
  "Recipe":     
  {
    "ResultCount": 5,
    "Ingredients": [
        {
            "Object": 74,
            "Count": 1,
        },
        {
            "Object": 768,
            "Count": 10,
        },
        {
            "Object": 769,
            "Count": 10,
        },
    ],
	"IsDefault": true,
  },
  "NameLocalization":
  {
	// "es": "",
    // "ko": "",
    // "de": "",
    // "fr": "",
    // "hu": "",
    // "it": "",
    // "ja": "",
    // "pt": "",
    // "ru": "",
    // "tr": "",
    // "zh":"",
  },
  "DescriptionLocalization":
  {
	// "es": "",
    // "ko": "",
    // "de": "",
    // "fr": "",
    // "hu": "",
    // "it": "",
    // "ja": "",
    // "pt": "",
    // "ru": "",
    // "tr": "",
    // "zh":"",
  },
}
