{
  "Name": "Butterfly Familiar Egg",
  "Description": "Lets you hatch a butterfly familiar.",
  "Category": "AnimalGoods",
  "Edibility": -300,
  "EdibleIsDrink": false,
  "EdibleBuffs": null,
  "Price": 10000,
  "IsColored": false,
  "GiftTastes": {
	"Hate": ["Alex", "Abigail", "Caroline", "Clint", "Demetrius", "Dwarf", "Elliott", "Evelyn", "George", "Gus", "Jodi", "Kent", "Krobus", "Lewis", "Linus", "Maru", "Pam", "Penny", "Pierre", "Robin", "Sam", "Sandy", "Shane", "Willy", "Wizard", "Vincent", "Emily", "Haley", "Harvey", "Jas", "Leah", "Marnie", "Sebastian"],
  }
}
