{
  "Name": "Scuba Fins",
  "Description": "Make you swim faster!",
  "Price": 50000,
  "PurchasePrice": 50000,
  "Defense": 0,
  "Immunity": 0,
  "NameLocalization":
  {
    // "es": "",
    "ko": "스쿠버 핀",
    // "de": "",
    // "fr": "",
    // "hu": "",
    // "it": "",
    // "ja": "",
    "pt": "Barbatanas de mergulho",
    // "ru": "",
    // "tr": "",
    "zh":"水肺深潜脚跟鳍",
  },
  "DescriptionLocalization":
  {
    // "es": "",
    "ko": "더 빨리 헤엄칠 수 있습니다!",
    // "de": "",
    // "fr": "",
    // "hu": "",
    // "it": "",
    // "ja": "",
    "pt": "Faz você nadar mais rápido",
    // "ru": "",
    // "tr": "",
    "zh":"让你游得更快！",
  },
}
