﻿{
	"events":
	[
		{
			"name": "George (Two Hearts)",
			"location": "Town",
			"eventId":"34"
		},
		{
			"name": "Cleaning (Four Hearts)",
			"location": "Trailer",
			"eventId":"35"
		},
		{
			"name": "Cooking (Six Hearts)",
			"location": "Trailer",
			"eventId":"36"
		},
		{
			"name": "Field Trip (Eight Hearts)",
			"location": "Forest",
			"eventId":"181928"
		},
		{
			"name": "Bath House (Ten Hearts)",
			"location": "BathHouse",
			"eventId":"38"
		},
		{
			"name": "Redecorating (Fourteen Hearts)",
			"location": "FarmHouse",
			"eventId": "4325434",
			"mail": "pennyQuilt0,pennyQuilt1,pennyQuilt2,noQuilt"
		},
		{
			"name": "Redecorated",
			"location": "FarmHouse",
			"eventId":"4324303"
		},
	]
}