{
  "Name": "Dust Sprite Familiar Egg",
  "Description": "Lets you hatch a dust sprite familiar.",
  "Category": "Egg",
  "Edibility": -300,
  "EdibleIsDrink": false,
  "EdibleBuffs": null,
  "Price": 10000,
  "IsColored": false,
  "GiftTastes": {
	"Hate": ["Alex", "Abigail", "Caroline", "Clint", "Demetrius", "Dwarf", "Elliott", "Evelyn", "George", "Gus", "Jodi", "Kent", "Krobus", "Lewis", "Linus", "Maru", "Pam", "Penny", "Pierre", "Robin", "Sam", "Sandy", "Shane", "Willy", "Wizard", "Vincent", "Emily", "Haley", "Harvey", "Jas", "Leah", "Marnie", "Sebastian"],
  },
  "Recipe": {
    "ResultCount": 1,
    "Ingredients": [
      {
        "Object": "Coal",
        "Count": 100,
      },
      {
        "Object": "Diamond",
        "Count": 2,
      },
      {
        "Object": "Battery Pack",
        "Count": 1,
      }
    ],
    "CanPurchase": false,
    "SkillUnlockName": "Combat",
    "SkillUnlockLevel": 8,
  },
}
