{
  "Name": "Butterfly Dust",
  "Description": "Dust dropped by a butterfly. I wonder what it could be used for?",
  "Category": "AnimalGoods",
  "Edibility": -300,
  "EdibleIsDrink": false,
  "EdibleBuffs": null,
  "Price": 1,
  "IsColored": false,
  "GiftTastes": {
	"Hate": ["Alex", "Abigail", "Caroline", "Clint", "Demetrius", "Dwarf", "Elliott", "Evelyn", "George", "Gus", "Jodi", "Kent", "Krobus", "Lewis", "Linus", "Maru", "Pam", "Penny", "Pierre", "Robin", "Sam", "Sandy", "Shane", "Willy", "Wizard", "Vincent", "Emily", "Haley", "Harvey", "Jas", "Leah", "Marnie", "Sebastian"],
  },
  "NameLocalization":
  {
	// "es": "",
    "ko": "나비 인분",
    // "de": "",
    // "fr": "",
    // "hu": "",
    // "it": "",
    // "ja": "",
    // "pt": "",
    // "ru": "",
    // "tr": "",
    //"zh":"",
  },
  "DescriptionLocalization":
  {
	// "es": "",
    "ko": "나비에게서 떨어진 가루. 어떻게 활용할 수 있을까요?",
    // "de": "",
    // "fr": "",
    // "hu": "",
    // "it": "",
    // "ja": "",
    // "pt": "",
    // "ru": "",
    // "tr": "",
    //"zh":"",
  },
}
