{
  "Name": "Scuba Fins",
  "Description": "Make you swim faster!",
  "Price": 50000,
  "PurchasePrice": 50000,
  "Defense": 0,
  "Immunity": 0,
  "NameLocalization":
  {
	// "es": "",
    "ko": "스쿠버 핀",
    // "de": "",
    // "fr": "",
    // "hu": "",
    // "it": "",
    // "ja": "",
    // "pt": "",
    // "ru": "",
    // "tr": "",
    //"zh":"",
  },
  "DescriptionLocalization":
  {
	// "es": "",
    "ko": "더 빨리 헤엄칠 수 있습니다!",
    // "de": "",
    // "fr": "",
    // "hu": "",
    // "it": "",
    // "ja": "",
    // "pt": "",
    // "ru": "",
    // "tr": "",
    //"zh":"",
  },
}
