{
  "0": {
    "X": 28,
    "Y": -38,
    "flippedX": 24,
    "flippedY": -38,
    "direction": 2,
    "disable": false
  },
  "2": {
    "X": 28,
    "Y": -38,
    "flippedX": 24,
    "flippedY": -38,
    "direction": 2,
    "disable": false
  },
  "1": {
    "X": 28,
    "Y": -34,
    "flippedX": 24,
    "flippedY": -34,
    "direction": 2,
    "disable": false
  },
  "3": {
    "X": 28,
    "Y": -34,
    "flippedX": 24,
    "flippedY": -34,
    "direction": 2,
    "disable": false
  },
  "4": {
    "X": 52,
    "Y": -44,
    "flippedX": 0,
    "flippedY": -44,
    "direction": 1,
    "disable": false
  },
  "6": {
    "X": 52,
    "Y": -44,
    "flippedX": 0,
    "flippedY": -44,
    "direction": 1,
    "disable": false
  },
  "5": {
    "X": 52,
    "Y": -40,
    "flippedX": 0,
    "flippedY": -40,
    "direction": 1,
    "disable": false
  },
  "7": {
    "X": 52,
    "Y": -40,
    "flippedX": 0,
    "flippedY": -40,
    "direction": 1,
    "disable": false
  },
  "8": {
    "X": 28,
    "Y": -64,
    "flippedX": 24,
    "flippedY": -64,
    "direction": 0,
    "disable": false
  },
  "10": {
    "X": 28,
    "Y": -64,
    "flippedX": 24,
    "flippedY": -64,
    "direction": 0,
    "disable": false
  },
  "9": {
    "X": 28,
    "Y": -60,
    "flippedX": 24,
    "flippedY": -60,
    "direction": 0,
    "disable": false
  },
  "11": {
    "X": 28,
    "Y": -60,
    "flippedX": 24,
    "flippedY": -60,
    "direction": 0,
    "disable": false
  },
  "12": {
    "X": 4,
    "Y": -44,
    "flippedX": 52,
    "flippedY": -44,
    "direction": 3,
    "disable": false
  },
  "14": {
    "X": 4,
    "Y": -44,
    "flippedX": 52,
    "flippedY": -44,
    "direction": 3,
    "disable": false
  },
  "13": {
    "X": 4,
    "Y": -40,
    "flippedX": 52,
    "flippedY": -40,
    "direction": 3,
    "disable": false
  },
  "15": {
    "X": 4,
    "Y": -40,
    "flippedX": 52,
    "flippedY": -40,
    "direction": 3,
    "disable": false
  },
  "16": {
    "X": 28,
    "Y": -44,
    "flippedX": 24,
    "flippedY": -44,
    "direction": 2,
    "disable": false
  },
  "21": {
    "X": 28,
    "Y": -48,
    "flippedX": 24,
    "flippedY": -48,
    "direction": 2,
    "disable": false
  },
  "23": {
    "X": 28,
    "Y": -48,
    "flippedX": 24,
    "flippedY": -48,
    "direction": 2,
    "disable": false
  },
  "17": {
    "X": 28,
    "Y": -52,
    "flippedX": 24,
    "flippedY": -52,
    "direction": 2,
    "disable": false
  },
  "20": {
    "X": 28,
    "Y": -52,
    "flippedX": 24,
    "flippedY": -52,
    "direction": 2,
    "disable": false
  },
  "22": {
    "X": 28,
    "Y": -52,
    "flippedX": 24,
    "flippedY": -52,
    "direction": 2,
    "disable": false
  },
  "18": {
    "X": 28,
    "Y": -56,
    "flippedX": 24,
    "flippedY": -56,
    "direction": 2,
    "disable": false
  },
  "19": {
    "X": 28,
    "Y": -56,
    "flippedX": 24,
    "flippedY": -56,
    "direction": 2,
    "disable": false
  },
  "24": {
    "X": 52,
    "Y": -36,
    "flippedX": 2,
    "flippedY": -36,
    "direction": 1,
    "disable": false
  },
  "25": {
    "X": 52,
    "Y": -30,
    "flippedX": 0,
    "flippedY": -30,
    "direction": 1,
    "disable": false
  },
  "26": {
    "X": 52,
    "Y": -26,
    "flippedX": 0,
    "flippedY": -26,
    "direction": 1,
    "disable": false
  },
  "27": {
    "X": 52,
    "Y": -24,
    "flippedX": 0,
    "flippedY": -24,
    "direction": 1,
    "disable": false
  },
  "28": {
    "X": 28,
    "Y": -28,
    "flippedX": 24,
    "flippedY": -28,
    "direction": 2,
    "disable": false
  },
  "29": {
    "X": 28,
    "Y": -28,
    "flippedX": 24,
    "flippedY": -28,
    "direction": 2,
    "disable": false
  },
  "30": {
    "X": 48,
    "Y": -32,
    "flippedX": 8,
    "flippedY": -32,
    "direction": 1,
    "disable": false
  },
  "31": {
    "X": 48,
    "Y": -32,
    "flippedX": 8,
    "flippedY": -32,
    "direction": 1,
    "disable": false
  }
}