{
  "Name": "Zombie Cure",
  "Description": "Cures zombification.",
  "Category": "ArtisanGoods",
  "Edibility": 1,
  "EdibleIsDrink": false,
  "EdibleBuffs": null,
  "Price": 1,
  "IsColored": false,
  "Recipe": {
		"ResultCount": 5,
		"Ingredients": [
			{
				"Object":768,
				"Count":5
			},
			{
				"Object":167,
				"Count":1
			},
			{
				"Object":420,
				"Count":1
			},
			{
				"Object":422,
				"Count":1
			},
			{
				"Object":382,
				"Count":10
			}
		]
  },
  "GiftTastes": {
	"Hate": ["Alex", "Abigail", "Caroline", "Clint", "Demetrius", "Dwarf", "Elliott", "Evelyn", "George", "Gus", "Jodi", "Kent", "Krobus", "Lewis", "Linus", "Maru", "Pam", "Penny", "Pierre", "Robin", "Sam", "Sandy", "Shane", "Willy", "Wizard", "Vincent", "Emily", "Haley", "Harvey", "Jas", "Leah", "Marnie", "Sebastian"],
  }
}
