﻿{
  "nodes": [
    {
      "parentSheetIndex": 0,
      "dropItems": [
        {
          "itemIdOrName": "382",
          "dropChance": 100.0,
          "minAmount": 1,
          "maxAmount": 4,
          "luckyAmount": 1,
          "minerAmount": 1
        },
        {
          "itemIdOrName": "390",
          "dropChance": 75.0,
          "minAmount": 1,
          "maxAmount": 2,
          "luckyAmount": 1,
          "minerAmount": 1
        }
      ],
      "oreLevelRanges": [
        {
          "minLevel": 1,
          "maxLevel": 120,
          "spawnChanceMult": 1.0,
          "expMult": 1.0,
          "dropChanceMult": 1.0,
          "dropMult": 1.0,
          "minDifficulty": -1,
          "maxDifficulty": -1
        }
      ],
      "nodeDesc": "This stone is rich in coal.",
      "spritePath": "assets\\CoalStone.png",
      "spriteType": "mod",
      "spriteX": 0,
      "spriteY": 0,
      "spriteW": 16,
      "spriteH": 16,
      "spawnChance": 5.0,
      "durability": 4,
      "exp": 12,
      "texture": null
    },
    {
      "parentSheetIndex": 0,
      "dropItems": [
        {
          "itemIdOrName": "382",
          "dropChance": 100.0,
          "minAmount": 1,
          "maxAmount": 4,
          "luckyAmount": 1,
          "minerAmount": 1
        },
        {
          "itemIdOrName": "390",
          "dropChance": 75.0,
          "minAmount": 1,
          "maxAmount": 2,
          "luckyAmount": 1,
          "minerAmount": 1
        }
      ],
      "oreLevelRanges": [
        {
          "minLevel": 121,
          "maxLevel": -1,
          "spawnChanceMult": 1.0,
          "expMult": 1.0,
          "dropChanceMult": 1.0,
          "dropMult": 1.0,
          "minDifficulty": -1,
          "maxDifficulty": -1
        }
      ],
      "nodeDesc": "This stone is rich in coal.",
      "spritePath": "assets\\CoalStone.png",
      "spriteType": "mod",
      "spriteX": 0,
      "spriteY": 0,
      "spriteW": 16,
      "spriteH": 16,
      "spawnChance": 10.0,
      "durability": 4,
      "exp": 12,
      "texture": null
    },
    {
      "parentSheetIndex": 0,
      "dropItems": [
        {
          "itemIdOrName": "206",
          "dropChance": 100.0,
          "minAmount": 1,
          "maxAmount": 2,
          "luckyAmount": 1,
          "minerAmount": 1
        }
      ],
      "oreLevelRanges": [
        {
          "minLevel": -1,
          "maxLevel": -1,
          "spawnChanceMult": 1.0,
          "expMult": 1.0,
          "dropChanceMult": 1.0,
          "dropMult": 1.0,
          "minDifficulty": -1,
          "maxDifficulty": -1
        }
      ],
      "nodeDesc": "This stone smells like pizza.",
      "spritePath": "Maps\\springobjects",
      "spriteType": "game",
      "spriteX": 160,
      "spriteY": 432,
      "spriteW": 16,
      "spriteH": 16,
      "spawnChance": 0.0,
      "durability": 2,
      "exp": 12,
      "texture": null
    },
    {
      "parentSheetIndex": 0,
      "dropItems": [
        {
          "itemIdOrName": "Prismatic Shard",
          "dropChance": 100.0,
          "minAmount": 1,
          "maxAmount": 1,
          "luckyAmount": 0,
          "minerAmount": 0
        }
      ],
      "oreLevelRanges": [
        {
          "minLevel": -1,
          "maxLevel": -1,
          "spawnChanceMult": 1.0,
          "expMult": 1.0,
          "dropChanceMult": 1.0,
          "dropMult": 1.0,
          "minDifficulty": -1,
          "maxDifficulty": -1
        }
      ],
      "nodeDesc": "This stone shines like stardust.",
      "spritePath": "LooseSprites\\Cursors",
      "spriteType": "game",
      "spriteX": 597,
      "spriteY": 1888,
      "spriteW": 16,
      "spriteH": 16,
      "spawnChance": 0.0,
      "durability": 12,
      "exp": 48,
      "texture": null
    }
  ]
}