{
	"events":
	[
		{
			"name": "The Little Wizard",
			"location": "wizardhouse",
			"eventId":"5978927"
		},
		{
			"name": "2 Heart - 'Having Fun'",
			"location": "wizardhouse",
			"eventId":"5978929"
		},
		{
			"name": "4 Heart - 'Them'",
			"location": "forest",
			"eventId":"5978935"
		},
		{
			"name": "6 Heart - 'In a Distance Place'",
			"location": "wizardhouse",
			"eventId":"5978936"
		},
		{
			"name": "8 Heart - 'Transmutation'",
			"location": "wizardhouse",
			"eventId":"5978937"
		},
	]
}