﻿{
	"events":
	[
		{
			"name": "George (Two Hearts)",
			"location": "JoshHouse",
			"eventId":"56"
		},
		{
			"name": "Checkup (Four Hearts)",
			"location": "Hospital",
			"eventId":"57"
		},
		{
			"name": "Aerobics (Six Hearts)",
			"location": "SeedShop",
			"eventId":"58"
		},
		{
			"name": "Radio (Eight Hearts)",
			"location": "Hospital",
			"eventId":"571102"
		},
		{
			"name": "Balloon Ride (Ten Hearts)",
			"location": "Railroad",
			"eventId":"528052"
		},
		{
			"name": "Homemade Dinner (Fourteen Hearts)",
			"location": "FarmHouse",
			"eventId":"3917626"
		},
	]
}