{
	"events":
	[
		{
			"name": "2 Heart",
			"location": "JenkinsHouse",
			"eventId":"2000000"
		},
		{
			"name": "3 Heart",
			"location": "hearwaterBridge",
			"eventId":"2000050"
		},
		{
			"name": "4 Heart",
			"location": "Town",
			"eventId":"2000001"
		},
		{
			"name": "6 Heart",
			"location": "Town",
			"eventId":"2000002"
		},
		{
			"name": "8 Heart",
			"location": "JenkinsHouse",
			"eventId":"2000003"
		},
		{
			"name": "10 Heart",
			"location": "Town",
			"eventId":"2000004"
		},		
	]
}