{
    "Name": "Scuba Tank",
    "Description": "A scuba tank for your respirator.",
    "HasFemaleVariant": true,
    "Price": 100000,
    "Dyeable": true,
  "NameLocalization":
  {
	// "es": "",
    "ko": "스쿠버 탱크",
    // "de": "",
    // "fr": "",
    // "hu": "",
    // "it": "",
    // "ja": "",
    // "pt": "",
    // "ru": "",
    // "tr": "",
    //"zh":"",
  },
  "DescriptionLocalization":
  {
	// "es": "",
    "ko": "물 속에서 호흡하기 위한 스쿠버 탱크.",
    // "de": "",
    // "fr": "",
    // "hu": "",
    // "it": "",
    // "ja": "",
    // "pt": "",
    // "ru": "",
    // "tr": "",
    //"zh":"",
  },
}
