﻿{
	"events":
	[
		{
			"name": "Art (Two Hearts)",
			"location": "LeahHouse",
			"eventId":"50",
			"mail":"LeahArtShowSuggestion,LeahInternet"
		},
		{
			"name": "Bird (Four Hearts)",
			"location": "LeahHouse",
			"eventId":"51"
		},
		{
			"name": "How I Feel About You (Six Hearts)",
			"location": "Farm",
			"eventId":"992253"
		},
		{
			"name": "Ex (Six Hearts)",
			"location": "Forest",
			"eventId":"52"
		},
		{
			"name": "Internet Art (Eight Hearts)",
			"location": "LeahHouse",
			"eventId":"584059"
		},
		{
			"name": "Art Show (Eight Hearts)",
			"location": "Town",
			"eventId":"53"
		},
		{
			"name": "Confrontation (Ten Hearts)",
			"location": "Forest",
			"eventId":"54"
		},
		{
			"name": "Painting (Fourteen Hearts)",
			"location": "Forest",
			"eventId":"3091462"
		},
	]
}