﻿{
	"events":
	[
		{
			"name": "First Visit (Two Hearts)",
			"location": "ElliottHouse",
			"eventId":"39"
		},
		{
			"name": "A Toast (Four Hearts)",
			"location": "Saloon",
			"eventId":"40"
		},
		{
			"name": "Piano (Six Hearts)",
			"location": "ElliottHouse",
			"eventId":"423502"
		},
		{
			"name": "Book Reading (Eight Hearts)",
			"location": "ArchaeologyHouse",
			"eventId":"1848481"
		},
		{
			"name": "Boat Ride (Ten Hearts)",
			"location": "Beach",
			"eventId":"43"
		},
		{
			"name": "Book Tour (Fourteen Hearts)",
			"location": "Farm",
			"eventId":"3912125"
		},
		{
			"name": "Back Home",
			"location": "FarmHouse",
			"eventId":"3912132"
		},
	]
}