{
  "events": [
    {
      "name": "Robin-event-0",
      "location": "HaleyHouse",
      "eventId": "60367",
      "night": false,
      "mail": null
    },
    {
      "name": "Robin-event-1",
      "location": "Town",
      "eventId": "611173/Hn pamHouseUpgrade/o Penny",
      "night": false,
      "mail": null
    },
    {
      "name": "Robin-event-2",
      "location": "Town",
      "eventId": "611173/Hn pamHouseUpgrade",
      "night": false,
      "mail": null
    },
    {
      "name": "Robin-event-3",
      "location": "ScienceHouse",
      "eventId": "33",
      "night": false,
      "mail": null
    }
  ]
}