{
	"events":
	[
		{
			"name": "2 Heart",
			"location": "JenkinsHouse",
			"eventId":"4000001"
		},
		{
			"name": "4 Heart",
			"location": "Town",
			"eventId":"4000002"
		},
		{
			"name": "6 Heart",
			"location": "Saloon",
			"eventId":"4000003"
		},
		{
			"name": "8 Heart",
			"location": "OliviaCellar",
			"eventId":"4000004"
		},
		{
			"name": "Start romance",
			"location": "JenkinsHouse",
			"eventId":"8982805"
		},
		{
			"name": "House Party",
			"location": "JenkinsHouse",
			"eventId":"8982806"
		},		
	]
}