﻿{
	"events":
	[
		{
			"name": "Band Practice (Two Hearts)",
			"location": "SamHouse",
			"eventId":"44"
		},
		{
			"name": "A Snack (Four Hearts)",
			"location": "SamHouse",
			"eventId":"46"
		},
		{
			"name": "Dad (Five Hearts)",
			"location": "Beach",
			"eventId":"733330"
		},
		{
			"name": "Boarding (Six Hearts)",
			"location": "Town",
			"eventId":"45"
		},
		{
			"name": "Concert (Eight Hearts)",
			"location": "BusStop",
			"eventId":"4081148"
		},
		{
			"name": "Bedroom (Ten Hearts)",
			"location": "Town",
			"eventId":"233104"
		},
		{
			"name": "Work (Fourteen Hearts)",
			"location": "FarmHouse",
			"eventId":"3918600"
		},
		{
			"name": "Making Music",
			"location": "FarmHouse",
			"eventId":"3918601"
		},
		{
			"name": "Progress",
			"location": "FarmHouse",
			"eventId":"3918602"
		},
		{
			"name": "Children's Song",
			"location": "FarmHouse",
			"eventId":"3918603"
		},
	]
}