{
  "Name": "Golden Pet Bowl",
  "Description": "An extravagant bowl used to give water to your pet.",
  "Price": 0,
  "Category": "Crafting",
  "Recipe":
  {
    "ResultCount": 1,
    "Ingredients": [
        {
            "Object": 336,
            "Count": 10,
        },
    ],
    "IsDefault": true,
  },
  "NameLocalization":
  {
    // "es": "",
    // "ko": "",
    // "de": "",
    // "fr": "",
    // "hu": "",
    // "it": "",
    // "ja": "",
    // "pt": "",
    // "ru": "",
    // "tr": "",
    // "zh":"",
  },
  "DescriptionLocalization":
  {
    // "es": "",
    // "ko": "",
    // "de": "",
    // "fr": "",
    // "hu": "",
    // "it": "",
    // "ja": "",
    // "pt": "",
    // "ru": "",
    // "tr": "",
    // "zh":"",
  },
}
